<?xml version="1.0" encoding="ISO-8859-1"?>

<!--
Licensed to the Apache Software Foundation (ASF) under one
or more contributor license agreements.  See the NOTICE file
distributed with this work for additional information
regarding copyright ownership.  The ASF licenses this file
to you under the Apache License, Version 2.0 (the
"License"); you may not use this file except in compliance
with the License.  You may obtain a copy of the License at

  http://www.apache.org/licenses/LICENSE-2.0

Unless required by applicable law or agreed to in writing,
software distributed under the License is distributed on an
"AS IS" BASIS, WITHOUT WARRANTIES OR CONDITIONS OF ANY
KIND, either express or implied.  See the License for the
specific language governing permissions and limitations
under the License.
-->

<project xmlns="http://maven.apache.org/DECORATION/1.0.0"
         xmlns:xsi="http://www.w3.org/2001/XMLSchema-instance"
         xsi:schemaLocation="http://maven.apache.org/DECORATION/1.0.0 http://maven.apache.org/xsd/decoration-1.0.0.xsd">
  <body>
    <breadcrumbs>
      <!-- TODO: This breadcrumb should be removed when it has been solved in the parent -->
      <item name="Maven" href="http://maven.apache.org/index.html" />
    </breadcrumbs>

    <menu name="Overview">
      <item name="Introduction" href="index.html"/>
      <item name="FAQ" href="faq.html"/>
      <item name="Further Links" href="links.html"/>
    </menu>

    <menu name="Maven plugins">
      <item name="Maven 1" href="http://maven.apache.org/maven-1.x/plugins/jxr/"/>
      <item name="Maven 2" href="http://maven.apache.org/plugins/maven-jxr-plugin/"/>
    </menu>

    <menu name="Examples">
      <item name="Using Maven JXR in Java" href="/examples/java.html"/>
    </menu>
    <menu ref="reports"/>
  </body>
</project>
